"","person","question","resid","noise","plot","data"
"1","person1","question1","Least-confounded","yes","residual plot","rep3"
"2","person1","question2","Conditional","yes","QQ-plot","rep3"
"3","person1","question3","Conditional","yes","residual plot","rep3"
"4","person1","question4","Least-confounded","no","QQ-plot","rep3"
"5","person1","question5","Conditional","no","QQ-plot","rep3"
"6","person1","question6","Least-confounded","no","residual plot","rep3"
"7","person1","question7","Conditional","yes","QQ-plot","rep3"
"8","person1","question8","Least-confounded","no","QQ-plot","rep3"
"9","person1","question9","Conditional","no","QQ-plot","rep3"
"10","person1","question10","Least-confounded","yes","QQ-plot","rep3"
"11","person1","question11","Least-confounded","no","residual plot","rep3"
"12","person1","question12","Conditional","no","residual plot","rep3"
"13","person2","question13","Least-confounded","no","QQ-plot","rep2"
"14","person2","question14","Least-confounded","yes","QQ-plot","rep2"
"15","person2","question15","Least-confounded","yes","QQ-plot","rep2"
"16","person2","question16","Conditional","no","residual plot","rep2"
"17","person2","question17","Conditional","yes","residual plot","rep2"
"18","person2","question18","Conditional","yes","QQ-plot","rep2"
"19","person2","question19","Conditional","yes","residual plot","rep2"
"20","person2","question20","Least-confounded","no","residual plot","rep2"
"21","person2","question21","Least-confounded","yes","residual plot","rep2"
"22","person2","question22","Conditional","no","QQ-plot","rep2"
"23","person2","question23","Least-confounded","yes","residual plot","rep2"
"24","person2","question24","Conditional","no","residual plot","rep2"
"25","person3","question25","Conditional","yes","QQ-plot","rep1"
"26","person3","question26","Least-confounded","no","QQ-plot","rep1"
"27","person3","question27","Conditional","no","QQ-plot","rep1"
"28","person3","question28","Conditional","no","residual plot","rep1"
"29","person3","question29","Conditional","yes","residual plot","rep1"
"30","person3","question30","Least-confounded","yes","residual plot","rep1"
"31","person3","question31","Conditional","yes","residual plot","rep1"
"32","person3","question32","Least-confounded","no","residual plot","rep1"
"33","person3","question33","Conditional","no","residual plot","rep1"
"34","person3","question34","Least-confounded","yes","QQ-plot","rep1"
"35","person3","question35","Least-confounded","yes","residual plot","rep1"
"36","person3","question36","Least-confounded","yes","QQ-plot","rep1"
"37","person4","question37","Conditional","no","residual plot","rep3"
"38","person4","question38","Least-confounded","yes","residual plot","rep3"
"39","person4","question39","Least-confounded","no","QQ-plot","rep3"
"40","person4","question40","Conditional","yes","QQ-plot","rep3"
"41","person4","question41","Conditional","yes","QQ-plot","rep3"
"42","person4","question42","Conditional","no","QQ-plot","rep3"
"43","person4","question43","Conditional","yes","residual plot","rep3"
"44","person4","question44","Conditional","no","QQ-plot","rep3"
"45","person4","question45","Least-confounded","no","residual plot","rep3"
"46","person4","question46","Least-confounded","no","residual plot","rep3"
"47","person4","question47","Least-confounded","yes","QQ-plot","rep3"
"48","person4","question48","Least-confounded","no","QQ-plot","rep3"
"49","person5","question49","Conditional","no","QQ-plot","rep1"
"50","person5","question50","Least-confounded","no","QQ-plot","rep1"
"51","person5","question51","Least-confounded","no","residual plot","rep1"
"52","person5","question52","Conditional","yes","residual plot","rep1"
"53","person5","question53","Least-confounded","no","residual plot","rep1"
"54","person5","question54","Least-confounded","no","QQ-plot","rep1"
"55","person5","question55","Least-confounded","yes","QQ-plot","rep1"
"56","person5","question56","Conditional","yes","QQ-plot","rep1"
"57","person5","question57","Least-confounded","yes","residual plot","rep1"
"58","person5","question58","Conditional","yes","QQ-plot","rep1"
"59","person5","question59","Conditional","no","residual plot","rep1"
"60","person5","question60","Conditional","no","QQ-plot","rep1"
"61","person6","question61","Conditional","yes","QQ-plot","rep3"
"62","person6","question62","Least-confounded","yes","residual plot","rep3"
"63","person6","question63","Least-confounded","no","residual plot","rep3"
"64","person6","question64","Conditional","no","residual plot","rep3"
"65","person6","question65","Conditional","no","residual plot","rep3"
"66","person6","question66","Least-confounded","yes","QQ-plot","rep3"
"67","person6","question67","Conditional","no","QQ-plot","rep3"
"68","person6","question68","Conditional","yes","residual plot","rep3"
"69","person6","question69","Least-confounded","no","QQ-plot","rep3"
"70","person6","question70","Least-confounded","yes","residual plot","rep3"
"71","person6","question71","Conditional","yes","residual plot","rep3"
"72","person6","question72","Least-confounded","yes","QQ-plot","rep3"
"73","person7","question73","Conditional","no","QQ-plot","rep1"
"74","person7","question74","Least-confounded","no","residual plot","rep1"
"75","person7","question75","Conditional","yes","residual plot","rep1"
"76","person7","question76","Conditional","no","QQ-plot","rep1"
"77","person7","question77","Conditional","yes","QQ-plot","rep1"
"78","person7","question78","Least-confounded","yes","QQ-plot","rep1"
"79","person7","question79","Least-confounded","no","QQ-plot","rep1"
"80","person7","question80","Conditional","yes","QQ-plot","rep1"
"81","person7","question81","Conditional","no","residual plot","rep1"
"82","person7","question82","Least-confounded","no","QQ-plot","rep1"
"83","person7","question83","Least-confounded","yes","residual plot","rep1"
"84","person7","question84","Least-confounded","no","residual plot","rep1"
"85","person8","question85","Least-confounded","no","residual plot","rep4"
"86","person8","question86","Conditional","no","QQ-plot","rep4"
"87","person8","question87","Conditional","no","residual plot","rep4"
"88","person8","question88","Conditional","yes","QQ-plot","rep4"
"89","person8","question89","Conditional","no","QQ-plot","rep4"
"90","person8","question90","Least-confounded","yes","QQ-plot","rep4"
"91","person8","question91","Least-confounded","yes","residual plot","rep4"
"92","person8","question92","Least-confounded","no","residual plot","rep4"
"93","person8","question93","Least-confounded","no","QQ-plot","rep4"
"94","person8","question94","Least-confounded","no","QQ-plot","rep4"
"95","person8","question95","Conditional","yes","residual plot","rep4"
"96","person8","question96","Conditional","yes","QQ-plot","rep4"
"97","person9","question97","Least-confounded","no","residual plot","rep5"
"98","person9","question98","Conditional","yes","QQ-plot","rep5"
"99","person9","question99","Conditional","no","QQ-plot","rep5"
"100","person9","question100","Conditional","no","QQ-plot","rep5"
"101","person9","question101","Conditional","yes","QQ-plot","rep5"
"102","person9","question102","Conditional","yes","residual plot","rep5"
"103","person9","question103","Least-confounded","no","residual plot","rep5"
"104","person9","question104","Least-confounded","yes","residual plot","rep5"
"105","person9","question105","Least-confounded","no","QQ-plot","rep5"
"106","person9","question106","Least-confounded","yes","QQ-plot","rep5"
"107","person9","question107","Conditional","no","residual plot","rep5"
"108","person9","question108","Least-confounded","no","QQ-plot","rep5"
"109","person10","question109","Least-confounded","no","QQ-plot","rep5"
"110","person10","question110","Least-confounded","yes","QQ-plot","rep5"
"111","person10","question111","Least-confounded","no","residual plot","rep5"
"112","person10","question112","Least-confounded","yes","residual plot","rep5"
"113","person10","question113","Least-confounded","no","QQ-plot","rep5"
"114","person10","question114","Conditional","yes","QQ-plot","rep5"
"115","person10","question115","Conditional","yes","QQ-plot","rep5"
"116","person10","question116","Conditional","no","QQ-plot","rep5"
"117","person10","question117","Conditional","no","residual plot","rep5"
"118","person10","question118","Conditional","no","QQ-plot","rep5"
"119","person10","question119","Least-confounded","no","residual plot","rep5"
"120","person10","question120","Conditional","yes","residual plot","rep5"
"121","person11","question121","Least-confounded","yes","QQ-plot","rep3"
"122","person11","question122","Least-confounded","yes","QQ-plot","rep3"
"123","person11","question123","Least-confounded","no","residual plot","rep3"
"124","person11","question124","Conditional","no","residual plot","rep3"
"125","person11","question125","Conditional","yes","residual plot","rep3"
"126","person11","question126","Least-confounded","no","QQ-plot","rep3"
"127","person11","question127","Conditional","no","QQ-plot","rep3"
"128","person11","question128","Conditional","yes","QQ-plot","rep3"
"129","person11","question129","Least-confounded","yes","residual plot","rep3"
"130","person11","question130","Least-confounded","yes","residual plot","rep3"
"131","person11","question131","Conditional","yes","residual plot","rep3"
"132","person11","question132","Conditional","no","residual plot","rep3"
"133","person12","question133","Least-confounded","no","QQ-plot","rep3"
"134","person12","question134","Conditional","yes","QQ-plot","rep3"
"135","person12","question135","Least-confounded","yes","QQ-plot","rep3"
"136","person12","question136","Least-confounded","no","residual plot","rep3"
"137","person12","question137","Least-confounded","yes","residual plot","rep3"
"138","person12","question138","Conditional","no","QQ-plot","rep3"
"139","person12","question139","Conditional","no","QQ-plot","rep3"
"140","person12","question140","Conditional","yes","QQ-plot","rep3"
"141","person12","question141","Least-confounded","no","QQ-plot","rep3"
"142","person12","question142","Least-confounded","no","residual plot","rep3"
"143","person12","question143","Conditional","no","residual plot","rep3"
"144","person12","question144","Conditional","yes","residual plot","rep3"
"145","person13","question145","Conditional","no","QQ-plot","rep5"
"146","person13","question146","Conditional","no","residual plot","rep5"
"147","person13","question147","Least-confounded","yes","residual plot","rep5"
"148","person13","question148","Least-confounded","yes","residual plot","rep5"
"149","person13","question149","Least-confounded","no","QQ-plot","rep5"
"150","person13","question150","Conditional","yes","residual plot","rep5"
"151","person13","question151","Least-confounded","yes","QQ-plot","rep5"
"152","person13","question152","Conditional","yes","residual plot","rep5"
"153","person13","question153","Conditional","yes","QQ-plot","rep5"
"154","person13","question154","Least-confounded","yes","QQ-plot","rep5"
"155","person13","question155","Conditional","no","residual plot","rep5"
"156","person13","question156","Least-confounded","no","residual plot","rep5"
"157","person14","question157","Least-confounded","no","QQ-plot","rep2"
"158","person14","question158","Least-confounded","yes","residual plot","rep2"
"159","person14","question159","Conditional","no","QQ-plot","rep2"
"160","person14","question160","Least-confounded","yes","QQ-plot","rep2"
"161","person14","question161","Conditional","no","QQ-plot","rep2"
"162","person14","question162","Least-confounded","no","QQ-plot","rep2"
"163","person14","question163","Conditional","yes","QQ-plot","rep2"
"164","person14","question164","Conditional","no","residual plot","rep2"
"165","person14","question165","Conditional","yes","QQ-plot","rep2"
"166","person14","question166","Least-confounded","no","residual plot","rep2"
"167","person14","question167","Least-confounded","no","residual plot","rep2"
"168","person14","question168","Conditional","yes","residual plot","rep2"
"169","person15","question169","Conditional","no","residual plot","rep5"
"170","person15","question170","Conditional","yes","QQ-plot","rep5"
"171","person15","question171","Least-confounded","yes","residual plot","rep5"
"172","person15","question172","Least-confounded","no","QQ-plot","rep5"
"173","person15","question173","Conditional","yes","residual plot","rep5"
"174","person15","question174","Least-confounded","yes","QQ-plot","rep5"
"175","person15","question175","Least-confounded","no","residual plot","rep5"
"176","person15","question176","Conditional","no","residual plot","rep5"
"177","person15","question177","Least-confounded","yes","residual plot","rep5"
"178","person15","question178","Conditional","yes","residual plot","rep5"
"179","person15","question179","Conditional","no","QQ-plot","rep5"
"180","person15","question180","Least-confounded","yes","QQ-plot","rep5"
"181","person16","question181","Least-confounded","no","QQ-plot","rep2"
"182","person16","question182","Least-confounded","no","QQ-plot","rep2"
"183","person16","question183","Conditional","yes","QQ-plot","rep2"
"184","person16","question184","Conditional","yes","QQ-plot","rep2"
"185","person16","question185","Least-confounded","no","residual plot","rep2"
"186","person16","question186","Conditional","no","residual plot","rep2"
"187","person16","question187","Conditional","no","QQ-plot","rep2"
"188","person16","question188","Least-confounded","no","residual plot","rep2"
"189","person16","question189","Conditional","no","QQ-plot","rep2"
"190","person16","question190","Least-confounded","yes","residual plot","rep2"
"191","person16","question191","Conditional","yes","residual plot","rep2"
"192","person16","question192","Least-confounded","yes","QQ-plot","rep2"
"193","person17","question193","Least-confounded","yes","residual plot","rep3"
"194","person17","question194","Conditional","no","residual plot","rep3"
"195","person17","question195","Conditional","yes","QQ-plot","rep3"
"196","person17","question196","Least-confounded","no","QQ-plot","rep3"
"197","person17","question197","Least-confounded","no","residual plot","rep3"
"198","person17","question198","Conditional","yes","QQ-plot","rep3"
"199","person17","question199","Least-confounded","yes","QQ-plot","rep3"
"200","person17","question200","Conditional","no","QQ-plot","rep3"
"201","person17","question201","Least-confounded","no","QQ-plot","rep3"
"202","person17","question202","Conditional","yes","residual plot","rep3"
"203","person17","question203","Least-confounded","no","residual plot","rep3"
"204","person17","question204","Conditional","no","QQ-plot","rep3"
"205","person18","question205","Conditional","no","residual plot","rep5"
"206","person18","question206","Conditional","no","QQ-plot","rep5"
"207","person18","question207","Conditional","yes","QQ-plot","rep5"
"208","person18","question208","Conditional","no","QQ-plot","rep5"
"209","person18","question209","Least-confounded","no","QQ-plot","rep5"
"210","person18","question210","Conditional","yes","QQ-plot","rep5"
"211","person18","question211","Conditional","yes","residual plot","rep5"
"212","person18","question212","Least-confounded","yes","QQ-plot","rep5"
"213","person18","question213","Least-confounded","no","residual plot","rep5"
"214","person18","question214","Least-confounded","yes","residual plot","rep5"
"215","person18","question215","Least-confounded","no","residual plot","rep5"
"216","person18","question216","Least-confounded","no","QQ-plot","rep5"
"217","person19","question217","Least-confounded","no","residual plot","rep4"
"218","person19","question218","Least-confounded","yes","residual plot","rep4"
"219","person19","question219","Conditional","yes","QQ-plot","rep4"
"220","person19","question220","Conditional","no","residual plot","rep4"
"221","person19","question221","Least-confounded","yes","QQ-plot","rep4"
"222","person19","question222","Conditional","no","QQ-plot","rep4"
"223","person19","question223","Least-confounded","no","residual plot","rep4"
"224","person19","question224","Least-confounded","no","QQ-plot","rep4"
"225","person19","question225","Conditional","yes","QQ-plot","rep4"
"226","person19","question226","Conditional","no","QQ-plot","rep4"
"227","person19","question227","Least-confounded","no","QQ-plot","rep4"
"228","person19","question228","Conditional","yes","residual plot","rep4"
"229","person20","question229","Least-confounded","no","QQ-plot","rep5"
"230","person20","question230","Least-confounded","yes","residual plot","rep5"
"231","person20","question231","Least-confounded","no","QQ-plot","rep5"
"232","person20","question232","Least-confounded","no","residual plot","rep5"
"233","person20","question233","Least-confounded","yes","QQ-plot","rep5"
"234","person20","question234","Conditional","yes","QQ-plot","rep5"
"235","person20","question235","Conditional","no","QQ-plot","rep5"
"236","person20","question236","Least-confounded","no","residual plot","rep5"
"237","person20","question237","Conditional","yes","residual plot","rep5"
"238","person20","question238","Conditional","yes","QQ-plot","rep5"
"239","person20","question239","Conditional","no","residual plot","rep5"
"240","person20","question240","Conditional","no","QQ-plot","rep5"
"241","person21","question241","Conditional","yes","QQ-plot","rep4"
"242","person21","question242","Least-confounded","no","QQ-plot","rep4"
"243","person21","question243","Conditional","no","QQ-plot","rep4"
"244","person21","question244","Least-confounded","yes","residual plot","rep4"
"245","person21","question245","Least-confounded","no","QQ-plot","rep4"
"246","person21","question246","Conditional","yes","QQ-plot","rep4"
"247","person21","question247","Conditional","no","QQ-plot","rep4"
"248","person21","question248","Least-confounded","no","residual plot","rep4"
"249","person21","question249","Least-confounded","no","residual plot","rep4"
"250","person21","question250","Least-confounded","yes","QQ-plot","rep4"
"251","person21","question251","Conditional","no","residual plot","rep4"
"252","person21","question252","Conditional","yes","residual plot","rep4"
"253","person22","question253","Conditional","yes","QQ-plot","rep1"
"254","person22","question254","Least-confounded","no","QQ-plot","rep1"
"255","person22","question255","Conditional","no","QQ-plot","rep1"
"256","person22","question256","Least-confounded","yes","QQ-plot","rep1"
"257","person22","question257","Least-confounded","no","residual plot","rep1"
"258","person22","question258","Conditional","no","QQ-plot","rep1"
"259","person22","question259","Conditional","yes","QQ-plot","rep1"
"260","person22","question260","Conditional","yes","residual plot","rep1"
"261","person22","question261","Conditional","no","residual plot","rep1"
"262","person22","question262","Least-confounded","yes","residual plot","rep1"
"263","person22","question263","Least-confounded","no","residual plot","rep1"
"264","person22","question264","Least-confounded","no","QQ-plot","rep1"
"265","person23","question265","Least-confounded","yes","QQ-plot","rep4"
"266","person23","question266","Least-confounded","no","residual plot","rep4"
"267","person23","question267","Conditional","no","residual plot","rep4"
"268","person23","question268","Conditional","yes","QQ-plot","rep4"
"269","person23","question269","Conditional","no","QQ-plot","rep4"
"270","person23","question270","Least-confounded","no","residual plot","rep4"
"271","person23","question271","Conditional","no","QQ-plot","rep4"
"272","person23","question272","Least-confounded","no","QQ-plot","rep4"
"273","person23","question273","Least-confounded","no","QQ-plot","rep4"
"274","person23","question274","Conditional","yes","QQ-plot","rep4"
"275","person23","question275","Least-confounded","yes","residual plot","rep4"
"276","person23","question276","Conditional","yes","residual plot","rep4"
"277","person24","question277","Conditional","yes","QQ-plot","rep4"
"278","person24","question278","Conditional","yes","residual plot","rep4"
"279","person24","question279","Least-confounded","no","QQ-plot","rep4"
"280","person24","question280","Least-confounded","yes","QQ-plot","rep4"
"281","person24","question281","Conditional","yes","QQ-plot","rep4"
"282","person24","question282","Conditional","no","residual plot","rep4"
"283","person24","question283","Least-confounded","no","residual plot","rep4"
"284","person24","question284","Conditional","no","QQ-plot","rep4"
"285","person24","question285","Least-confounded","no","residual plot","rep4"
"286","person24","question286","Least-confounded","no","QQ-plot","rep4"
"287","person24","question287","Least-confounded","yes","residual plot","rep4"
"288","person24","question288","Conditional","no","QQ-plot","rep4"
"289","person25","question289","Conditional","no","QQ-plot","rep5"
"290","person25","question290","Conditional","yes","QQ-plot","rep5"
"291","person25","question291","Conditional","no","residual plot","rep5"
"292","person25","question292","Least-confounded","yes","residual plot","rep5"
"293","person25","question293","Conditional","yes","QQ-plot","rep5"
"294","person25","question294","Least-confounded","yes","QQ-plot","rep5"
"295","person25","question295","Conditional","yes","residual plot","rep5"
"296","person25","question296","Conditional","no","QQ-plot","rep5"
"297","person25","question297","Least-confounded","no","residual plot","rep5"
"298","person25","question298","Least-confounded","no","QQ-plot","rep5"
"299","person25","question299","Least-confounded","no","residual plot","rep5"
"300","person25","question300","Least-confounded","no","QQ-plot","rep5"
"301","person26","question301","Conditional","yes","QQ-plot","rep5"
"302","person26","question302","Conditional","no","residual plot","rep5"
"303","person26","question303","Least-confounded","yes","residual plot","rep5"
"304","person26","question304","Conditional","no","QQ-plot","rep5"
"305","person26","question305","Conditional","yes","residual plot","rep5"
"306","person26","question306","Least-confounded","no","QQ-plot","rep5"
"307","person26","question307","Least-confounded","yes","residual plot","rep5"
"308","person26","question308","Conditional","no","residual plot","rep5"
"309","person26","question309","Least-confounded","yes","QQ-plot","rep5"
"310","person26","question310","Conditional","yes","residual plot","rep5"
"311","person26","question311","Least-confounded","yes","QQ-plot","rep5"
"312","person26","question312","Least-confounded","no","residual plot","rep5"
"313","person27","question313","Conditional","yes","residual plot","rep2"
"314","person27","question314","Conditional","no","residual plot","rep2"
"315","person27","question315","Conditional","yes","residual plot","rep2"
"316","person27","question316","Conditional","yes","QQ-plot","rep2"
"317","person27","question317","Least-confounded","no","residual plot","rep2"
"318","person27","question318","Least-confounded","yes","QQ-plot","rep2"
"319","person27","question319","Conditional","no","residual plot","rep2"
"320","person27","question320","Least-confounded","yes","residual plot","rep2"
"321","person27","question321","Least-confounded","yes","QQ-plot","rep2"
"322","person27","question322","Least-confounded","no","QQ-plot","rep2"
"323","person27","question323","Conditional","no","QQ-plot","rep2"
"324","person27","question324","Least-confounded","yes","residual plot","rep2"
"325","person28","question325","Least-confounded","yes","QQ-plot","rep5"
"326","person28","question326","Conditional","no","residual plot","rep5"
"327","person28","question327","Conditional","yes","residual plot","rep5"
"328","person28","question328","Least-confounded","yes","QQ-plot","rep5"
"329","person28","question329","Conditional","no","QQ-plot","rep5"
"330","person28","question330","Least-confounded","yes","residual plot","rep5"
"331","person28","question331","Least-confounded","yes","residual plot","rep5"
"332","person28","question332","Conditional","no","residual plot","rep5"
"333","person28","question333","Conditional","yes","residual plot","rep5"
"334","person28","question334","Conditional","yes","QQ-plot","rep5"
"335","person28","question335","Least-confounded","no","residual plot","rep5"
"336","person28","question336","Least-confounded","no","QQ-plot","rep5"
"337","person29","question337","Conditional","yes","residual plot","rep3"
"338","person29","question338","Conditional","yes","QQ-plot","rep3"
"339","person29","question339","Conditional","no","residual plot","rep3"
"340","person29","question340","Conditional","no","QQ-plot","rep3"
"341","person29","question341","Conditional","yes","QQ-plot","rep3"
"342","person29","question342","Least-confounded","no","residual plot","rep3"
"343","person29","question343","Conditional","no","QQ-plot","rep3"
"344","person29","question344","Least-confounded","yes","QQ-plot","rep3"
"345","person29","question345","Least-confounded","yes","residual plot","rep3"
"346","person29","question346","Least-confounded","no","residual plot","rep3"
"347","person29","question347","Least-confounded","no","QQ-plot","rep3"
"348","person29","question348","Least-confounded","no","QQ-plot","rep3"
"349","person30","question349","Least-confounded","yes","residual plot","rep4"
"350","person30","question350","Least-confounded","no","residual plot","rep4"
"351","person30","question351","Conditional","yes","QQ-plot","rep4"
"352","person30","question352","Conditional","no","QQ-plot","rep4"
"353","person30","question353","Least-confounded","no","QQ-plot","rep4"
"354","person30","question354","Conditional","yes","QQ-plot","rep4"
"355","person30","question355","Conditional","yes","residual plot","rep4"
"356","person30","question356","Least-confounded","no","QQ-plot","rep4"
"357","person30","question357","Least-confounded","no","residual plot","rep4"
"358","person30","question358","Least-confounded","yes","QQ-plot","rep4"
"359","person30","question359","Conditional","no","QQ-plot","rep4"
"360","person30","question360","Conditional","no","residual plot","rep4"
"361","person31","question361","Least-confounded","yes","residual plot","rep4"
"362","person31","question362","Conditional","no","QQ-plot","rep4"
"363","person31","question363","Conditional","no","residual plot","rep4"
"364","person31","question364","Least-confounded","no","QQ-plot","rep4"
"365","person31","question365","Conditional","yes","residual plot","rep4"
"366","person31","question366","Least-confounded","yes","QQ-plot","rep4"
"367","person31","question367","Least-confounded","yes","residual plot","rep4"
"368","person31","question368","Conditional","no","residual plot","rep4"
"369","person31","question369","Least-confounded","yes","QQ-plot","rep4"
"370","person31","question370","Conditional","yes","QQ-plot","rep4"
"371","person31","question371","Conditional","yes","residual plot","rep4"
"372","person31","question372","Least-confounded","no","residual plot","rep4"
"373","person32","question373","Least-confounded","no","residual plot","rep4"
"374","person32","question374","Conditional","no","QQ-plot","rep4"
"375","person32","question375","Least-confounded","yes","residual plot","rep4"
"376","person32","question376","Conditional","yes","QQ-plot","rep4"
"377","person32","question377","Conditional","yes","residual plot","rep4"
"378","person32","question378","Conditional","no","residual plot","rep4"
"379","person32","question379","Conditional","yes","residual plot","rep4"
"380","person32","question380","Least-confounded","yes","QQ-plot","rep4"
"381","person32","question381","Conditional","no","residual plot","rep4"
"382","person32","question382","Least-confounded","yes","QQ-plot","rep4"
"383","person32","question383","Least-confounded","no","QQ-plot","rep4"
"384","person32","question384","Least-confounded","yes","residual plot","rep4"
"385","person33","question385","Conditional","yes","residual plot","rep1"
"386","person33","question386","Least-confounded","no","QQ-plot","rep1"
"387","person33","question387","Conditional","yes","residual plot","rep1"
"388","person33","question388","Conditional","no","residual plot","rep1"
"389","person33","question389","Conditional","yes","QQ-plot","rep1"
"390","person33","question390","Least-confounded","yes","QQ-plot","rep1"
"391","person33","question391","Least-confounded","yes","residual plot","rep1"
"392","person33","question392","Conditional","no","residual plot","rep1"
"393","person33","question393","Least-confounded","yes","QQ-plot","rep1"
"394","person33","question394","Least-confounded","no","residual plot","rep1"
"395","person33","question395","Conditional","no","QQ-plot","rep1"
"396","person33","question396","Least-confounded","yes","residual plot","rep1"
"397","person34","question397","Conditional","no","residual plot","rep5"
"398","person34","question398","Conditional","yes","residual plot","rep5"
"399","person34","question399","Least-confounded","yes","QQ-plot","rep5"
"400","person34","question400","Conditional","no","QQ-plot","rep5"
"401","person34","question401","Least-confounded","yes","QQ-plot","rep5"
"402","person34","question402","Conditional","no","residual plot","rep5"
"403","person34","question403","Least-confounded","no","residual plot","rep5"
"404","person34","question404","Least-confounded","no","QQ-plot","rep5"
"405","person34","question405","Conditional","yes","QQ-plot","rep5"
"406","person34","question406","Least-confounded","yes","residual plot","rep5"
"407","person34","question407","Conditional","yes","residual plot","rep5"
"408","person34","question408","Least-confounded","yes","residual plot","rep5"
"409","person35","question409","Least-confounded","yes","residual plot","rep2"
"410","person35","question410","Conditional","yes","residual plot","rep2"
"411","person35","question411","Least-confounded","yes","residual plot","rep2"
"412","person35","question412","Least-confounded","yes","QQ-plot","rep2"
"413","person35","question413","Least-confounded","no","residual plot","rep2"
"414","person35","question414","Conditional","no","QQ-plot","rep2"
"415","person35","question415","Conditional","no","residual plot","rep2"
"416","person35","question416","Conditional","no","residual plot","rep2"
"417","person35","question417","Conditional","yes","residual plot","rep2"
"418","person35","question418","Least-confounded","yes","QQ-plot","rep2"
"419","person35","question419","Least-confounded","no","QQ-plot","rep2"
"420","person35","question420","Conditional","yes","QQ-plot","rep2"
"421","person36","question421","Least-confounded","no","QQ-plot","rep4"
"422","person36","question422","Least-confounded","yes","residual plot","rep4"
"423","person36","question423","Conditional","yes","QQ-plot","rep4"
"424","person36","question424","Conditional","yes","residual plot","rep4"
"425","person36","question425","Conditional","no","residual plot","rep4"
"426","person36","question426","Least-confounded","no","residual plot","rep4"
"427","person36","question427","Least-confounded","yes","QQ-plot","rep4"
"428","person36","question428","Conditional","yes","residual plot","rep4"
"429","person36","question429","Least-confounded","yes","residual plot","rep4"
"430","person36","question430","Conditional","no","residual plot","rep4"
"431","person36","question431","Least-confounded","yes","QQ-plot","rep4"
"432","person36","question432","Conditional","no","QQ-plot","rep4"
"433","person37","question433","Least-confounded","no","residual plot","rep5"
"434","person37","question434","Conditional","yes","QQ-plot","rep5"
"435","person37","question435","Conditional","yes","residual plot","rep5"
"436","person37","question436","Least-confounded","no","QQ-plot","rep5"
"437","person37","question437","Conditional","yes","QQ-plot","rep5"
"438","person37","question438","Least-confounded","yes","QQ-plot","rep5"
"439","person37","question439","Conditional","no","residual plot","rep5"
"440","person37","question440","Least-confounded","yes","residual plot","rep5"
"441","person37","question441","Conditional","no","QQ-plot","rep5"
"442","person37","question442","Least-confounded","no","residual plot","rep5"
"443","person37","question443","Least-confounded","no","QQ-plot","rep5"
"444","person37","question444","Conditional","no","QQ-plot","rep5"
"445","person38","question445","Conditional","no","QQ-plot","rep5"
"446","person38","question446","Least-confounded","yes","QQ-plot","rep5"
"447","person38","question447","Least-confounded","yes","residual plot","rep5"
"448","person38","question448","Least-confounded","yes","residual plot","rep5"
"449","person38","question449","Conditional","yes","residual plot","rep5"
"450","person38","question450","Conditional","no","residual plot","rep5"
"451","person38","question451","Least-confounded","yes","QQ-plot","rep5"
"452","person38","question452","Least-confounded","no","QQ-plot","rep5"
"453","person38","question453","Least-confounded","no","residual plot","rep5"
"454","person38","question454","Conditional","no","residual plot","rep5"
"455","person38","question455","Conditional","yes","residual plot","rep5"
"456","person38","question456","Conditional","yes","QQ-plot","rep5"
"457","person39","question457","Least-confounded","yes","residual plot","rep4"
"458","person39","question458","Conditional","no","QQ-plot","rep4"
"459","person39","question459","Conditional","yes","residual plot","rep4"
"460","person39","question460","Least-confounded","yes","QQ-plot","rep4"
"461","person39","question461","Conditional","yes","residual plot","rep4"
"462","person39","question462","Conditional","no","residual plot","rep4"
"463","person39","question463","Conditional","no","residual plot","rep4"
"464","person39","question464","Least-confounded","no","QQ-plot","rep4"
"465","person39","question465","Least-confounded","yes","residual plot","rep4"
"466","person39","question466","Conditional","yes","QQ-plot","rep4"
"467","person39","question467","Least-confounded","yes","QQ-plot","rep4"
"468","person39","question468","Least-confounded","no","residual plot","rep4"
"469","person40","question469","Least-confounded","no","QQ-plot","rep2"
"470","person40","question470","Conditional","yes","QQ-plot","rep2"
"471","person40","question471","Least-confounded","no","residual plot","rep2"
"472","person40","question472","Conditional","yes","QQ-plot","rep2"
"473","person40","question473","Conditional","no","QQ-plot","rep2"
"474","person40","question474","Least-confounded","no","residual plot","rep2"
"475","person40","question475","Conditional","yes","residual plot","rep2"
"476","person40","question476","Conditional","no","QQ-plot","rep2"
"477","person40","question477","Least-confounded","no","QQ-plot","rep2"
"478","person40","question478","Conditional","no","residual plot","rep2"
"479","person40","question479","Least-confounded","yes","residual plot","rep2"
"480","person40","question480","Least-confounded","yes","QQ-plot","rep2"
"481","person41","question481","Least-confounded","yes","residual plot","rep2"
"482","person41","question482","Conditional","yes","QQ-plot","rep2"
"483","person41","question483","Least-confounded","no","QQ-plot","rep2"
"484","person41","question484","Conditional","no","QQ-plot","rep2"
"485","person41","question485","Conditional","no","residual plot","rep2"
"486","person41","question486","Least-confounded","no","QQ-plot","rep2"
"487","person41","question487","Conditional","yes","residual plot","rep2"
"488","person41","question488","Conditional","no","QQ-plot","rep2"
"489","person41","question489","Conditional","yes","QQ-plot","rep2"
"490","person41","question490","Least-confounded","no","residual plot","rep2"
"491","person41","question491","Least-confounded","no","residual plot","rep2"
"492","person41","question492","Least-confounded","yes","QQ-plot","rep2"
"493","person42","question493","Conditional","no","residual plot","rep4"
"494","person42","question494","Least-confounded","yes","residual plot","rep4"
"495","person42","question495","Conditional","yes","residual plot","rep4"
"496","person42","question496","Conditional","no","residual plot","rep4"
"497","person42","question497","Least-confounded","no","residual plot","rep4"
"498","person42","question498","Conditional","yes","QQ-plot","rep4"
"499","person42","question499","Least-confounded","yes","residual plot","rep4"
"500","person42","question500","Least-confounded","yes","QQ-plot","rep4"
"501","person42","question501","Conditional","no","QQ-plot","rep4"
"502","person42","question502","Least-confounded","no","QQ-plot","rep4"
"503","person42","question503","Conditional","yes","residual plot","rep4"
"504","person42","question504","Least-confounded","yes","QQ-plot","rep4"
"505","person43","question505","Conditional","no","residual plot","rep1"
"506","person43","question506","Least-confounded","yes","residual plot","rep1"
"507","person43","question507","Least-confounded","yes","QQ-plot","rep1"
"508","person43","question508","Least-confounded","no","QQ-plot","rep1"
"509","person43","question509","Conditional","yes","residual plot","rep1"
"510","person43","question510","Conditional","no","QQ-plot","rep1"
"511","person43","question511","Least-confounded","no","residual plot","rep1"
"512","person43","question512","Conditional","yes","QQ-plot","rep1"
"513","person43","question513","Conditional","no","residual plot","rep1"
"514","person43","question514","Least-confounded","yes","residual plot","rep1"
"515","person43","question515","Least-confounded","yes","QQ-plot","rep1"
"516","person43","question516","Conditional","yes","residual plot","rep1"
"517","person44","question517","Conditional","no","residual plot","rep1"
"518","person44","question518","Conditional","yes","QQ-plot","rep1"
"519","person44","question519","Conditional","yes","residual plot","rep1"
"520","person44","question520","Least-confounded","no","residual plot","rep1"
"521","person44","question521","Least-confounded","yes","QQ-plot","rep1"
"522","person44","question522","Conditional","no","QQ-plot","rep1"
"523","person44","question523","Least-confounded","no","residual plot","rep1"
"524","person44","question524","Least-confounded","yes","residual plot","rep1"
"525","person44","question525","Least-confounded","no","QQ-plot","rep1"
"526","person44","question526","Least-confounded","no","QQ-plot","rep1"
"527","person44","question527","Conditional","no","QQ-plot","rep1"
"528","person44","question528","Conditional","yes","QQ-plot","rep1"
"529","person45","question529","Least-confounded","yes","residual plot","rep1"
"530","person45","question530","Least-confounded","yes","QQ-plot","rep1"
"531","person45","question531","Conditional","no","residual plot","rep1"
"532","person45","question532","Conditional","no","QQ-plot","rep1"
"533","person45","question533","Conditional","yes","QQ-plot","rep1"
"534","person45","question534","Conditional","yes","residual plot","rep1"
"535","person45","question535","Least-confounded","no","residual plot","rep1"
"536","person45","question536","Least-confounded","no","QQ-plot","rep1"
"537","person45","question537","Conditional","no","residual plot","rep1"
"538","person45","question538","Least-confounded","yes","QQ-plot","rep1"
"539","person45","question539","Least-confounded","yes","residual plot","rep1"
"540","person45","question540","Conditional","yes","residual plot","rep1"
"541","person46","question541","Conditional","no","residual plot","rep1"
"542","person46","question542","Conditional","yes","QQ-plot","rep1"
"543","person46","question543","Least-confounded","no","residual plot","rep1"
"544","person46","question544","Least-confounded","yes","residual plot","rep1"
"545","person46","question545","Conditional","yes","residual plot","rep1"
"546","person46","question546","Least-confounded","yes","residual plot","rep1"
"547","person46","question547","Conditional","yes","residual plot","rep1"
"548","person46","question548","Conditional","no","QQ-plot","rep1"
"549","person46","question549","Conditional","no","residual plot","rep1"
"550","person46","question550","Least-confounded","yes","QQ-plot","rep1"
"551","person46","question551","Least-confounded","no","QQ-plot","rep1"
"552","person46","question552","Least-confounded","yes","QQ-plot","rep1"
"553","person47","question553","Least-confounded","no","QQ-plot","rep2"
"554","person47","question554","Least-confounded","no","residual plot","rep2"
"555","person47","question555","Least-confounded","yes","residual plot","rep2"
"556","person47","question556","Conditional","no","residual plot","rep2"
"557","person47","question557","Least-confounded","yes","QQ-plot","rep2"
"558","person47","question558","Conditional","no","QQ-plot","rep2"
"559","person47","question559","Least-confounded","yes","residual plot","rep2"
"560","person47","question560","Least-confounded","yes","QQ-plot","rep2"
"561","person47","question561","Conditional","yes","QQ-plot","rep2"
"562","person47","question562","Conditional","no","residual plot","rep2"
"563","person47","question563","Conditional","yes","residual plot","rep2"
"564","person47","question564","Conditional","yes","residual plot","rep2"
"565","person48","question565","Least-confounded","no","residual plot","rep1"
"566","person48","question566","Least-confounded","no","QQ-plot","rep1"
"567","person48","question567","Least-confounded","yes","QQ-plot","rep1"
"568","person48","question568","Conditional","yes","residual plot","rep1"
"569","person48","question569","Least-confounded","yes","residual plot","rep1"
"570","person48","question570","Least-confounded","yes","residual plot","rep1"
"571","person48","question571","Conditional","yes","residual plot","rep1"
"572","person48","question572","Conditional","no","residual plot","rep1"
"573","person48","question573","Conditional","yes","QQ-plot","rep1"
"574","person48","question574","Least-confounded","yes","QQ-plot","rep1"
"575","person48","question575","Conditional","no","QQ-plot","rep1"
"576","person48","question576","Conditional","no","residual plot","rep1"
"577","person49","question577","Least-confounded","yes","residual plot","rep5"
"578","person49","question578","Conditional","yes","residual plot","rep5"
"579","person49","question579","Least-confounded","yes","QQ-plot","rep5"
"580","person49","question580","Least-confounded","yes","QQ-plot","rep5"
"581","person49","question581","Conditional","yes","residual plot","rep5"
"582","person49","question582","Least-confounded","no","QQ-plot","rep5"
"583","person49","question583","Least-confounded","yes","residual plot","rep5"
"584","person49","question584","Conditional","yes","QQ-plot","rep5"
"585","person49","question585","Conditional","no","residual plot","rep5"
"586","person49","question586","Conditional","no","residual plot","rep5"
"587","person49","question587","Least-confounded","no","residual plot","rep5"
"588","person49","question588","Conditional","no","QQ-plot","rep5"
"589","person50","question589","Conditional","no","residual plot","rep1"
"590","person50","question590","Least-confounded","yes","QQ-plot","rep1"
"591","person50","question591","Least-confounded","no","residual plot","rep1"
"592","person50","question592","Least-confounded","yes","residual plot","rep1"
"593","person50","question593","Conditional","yes","QQ-plot","rep1"
"594","person50","question594","Least-confounded","yes","residual plot","rep1"
"595","person50","question595","Conditional","yes","residual plot","rep1"
"596","person50","question596","Conditional","no","residual plot","rep1"
"597","person50","question597","Conditional","no","QQ-plot","rep1"
"598","person50","question598","Conditional","yes","residual plot","rep1"
"599","person50","question599","Least-confounded","yes","QQ-plot","rep1"
"600","person50","question600","Least-confounded","no","QQ-plot","rep1"
"601","person51","question601","Conditional","yes","residual plot","rep4"
"602","person51","question602","Least-confounded","yes","residual plot","rep4"
"603","person51","question603","Conditional","no","QQ-plot","rep4"
"604","person51","question604","Conditional","no","residual plot","rep4"
"605","person51","question605","Conditional","no","residual plot","rep4"
"606","person51","question606","Least-confounded","yes","residual plot","rep4"
"607","person51","question607","Conditional","yes","QQ-plot","rep4"
"608","person51","question608","Conditional","yes","residual plot","rep4"
"609","person51","question609","Least-confounded","yes","QQ-plot","rep4"
"610","person51","question610","Least-confounded","no","QQ-plot","rep4"
"611","person51","question611","Least-confounded","yes","QQ-plot","rep4"
"612","person51","question612","Least-confounded","no","residual plot","rep4"
"613","person52","question613","Conditional","yes","QQ-plot","rep1"
"614","person52","question614","Conditional","no","QQ-plot","rep1"
"615","person52","question615","Least-confounded","no","QQ-plot","rep1"
"616","person52","question616","Conditional","no","residual plot","rep1"
"617","person52","question617","Least-confounded","yes","QQ-plot","rep1"
"618","person52","question618","Least-confounded","yes","residual plot","rep1"
"619","person52","question619","Least-confounded","no","residual plot","rep1"
"620","person52","question620","Conditional","yes","residual plot","rep1"
"621","person52","question621","Least-confounded","no","residual plot","rep1"
"622","person52","question622","Conditional","yes","QQ-plot","rep1"
"623","person52","question623","Least-confounded","no","QQ-plot","rep1"
"624","person52","question624","Conditional","no","QQ-plot","rep1"
"625","person53","question625","Conditional","yes","residual plot","rep3"
"626","person53","question626","Least-confounded","no","QQ-plot","rep3"
"627","person53","question627","Conditional","no","residual plot","rep3"
"628","person53","question628","Least-confounded","yes","residual plot","rep3"
"629","person53","question629","Conditional","no","residual plot","rep3"
"630","person53","question630","Least-confounded","no","residual plot","rep3"
"631","person53","question631","Conditional","yes","QQ-plot","rep3"
"632","person53","question632","Conditional","no","QQ-plot","rep3"
"633","person53","question633","Least-confounded","yes","residual plot","rep3"
"634","person53","question634","Conditional","yes","residual plot","rep3"
"635","person53","question635","Least-confounded","yes","QQ-plot","rep3"
"636","person53","question636","Least-confounded","yes","QQ-plot","rep3"
"637","person54","question637","Conditional","no","residual plot","rep4"
"638","person54","question638","Conditional","no","residual plot","rep4"
"639","person54","question639","Least-confounded","yes","QQ-plot","rep4"
"640","person54","question640","Conditional","yes","residual plot","rep4"
"641","person54","question641","Least-confounded","no","QQ-plot","rep4"
"642","person54","question642","Least-confounded","yes","residual plot","rep4"
"643","person54","question643","Conditional","no","QQ-plot","rep4"
"644","person54","question644","Conditional","yes","QQ-plot","rep4"
"645","person54","question645","Conditional","yes","residual plot","rep4"
"646","person54","question646","Least-confounded","yes","residual plot","rep4"
"647","person54","question647","Least-confounded","yes","QQ-plot","rep4"
"648","person54","question648","Least-confounded","no","residual plot","rep4"
"649","person55","question649","Conditional","yes","residual plot","rep5"
"650","person55","question650","Conditional","no","residual plot","rep5"
"651","person55","question651","Least-confounded","yes","QQ-plot","rep5"
"652","person55","question652","Conditional","yes","QQ-plot","rep5"
"653","person55","question653","Conditional","no","QQ-plot","rep5"
"654","person55","question654","Least-confounded","yes","residual plot","rep5"
"655","person55","question655","Least-confounded","no","residual plot","rep5"
"656","person55","question656","Conditional","yes","QQ-plot","rep5"
"657","person55","question657","Conditional","no","QQ-plot","rep5"
"658","person55","question658","Least-confounded","no","residual plot","rep5"
"659","person55","question659","Least-confounded","no","QQ-plot","rep5"
"660","person55","question660","Least-confounded","no","QQ-plot","rep5"
"661","person56","question661","Least-confounded","no","residual plot","rep3"
"662","person56","question662","Least-confounded","no","QQ-plot","rep3"
"663","person56","question663","Least-confounded","yes","residual plot","rep3"
"664","person56","question664","Conditional","no","QQ-plot","rep3"
"665","person56","question665","Conditional","no","residual plot","rep3"
"666","person56","question666","Conditional","yes","QQ-plot","rep3"
"667","person56","question667","Conditional","yes","residual plot","rep3"
"668","person56","question668","Least-confounded","yes","QQ-plot","rep3"
"669","person56","question669","Least-confounded","no","QQ-plot","rep3"
"670","person56","question670","Conditional","yes","QQ-plot","rep3"
"671","person56","question671","Least-confounded","no","residual plot","rep3"
"672","person56","question672","Conditional","no","QQ-plot","rep3"
"673","person57","question673","Least-confounded","no","QQ-plot","rep3"
"674","person57","question674","Least-confounded","no","residual plot","rep3"
"675","person57","question675","Least-confounded","yes","residual plot","rep3"
"676","person57","question676","Least-confounded","yes","QQ-plot","rep3"
"677","person57","question677","Least-confounded","no","residual plot","rep3"
"678","person57","question678","Conditional","no","QQ-plot","rep3"
"679","person57","question679","Conditional","yes","residual plot","rep3"
"680","person57","question680","Conditional","yes","QQ-plot","rep3"
"681","person57","question681","Least-confounded","no","QQ-plot","rep3"
"682","person57","question682","Conditional","yes","QQ-plot","rep3"
"683","person57","question683","Conditional","no","residual plot","rep3"
"684","person57","question684","Conditional","no","QQ-plot","rep3"
"685","person58","question685","Least-confounded","yes","residual plot","rep5"
"686","person58","question686","Conditional","no","QQ-plot","rep5"
"687","person58","question687","Least-confounded","yes","QQ-plot","rep5"
"688","person58","question688","Conditional","no","residual plot","rep5"
"689","person58","question689","Conditional","yes","residual plot","rep5"
"690","person58","question690","Conditional","yes","QQ-plot","rep5"
"691","person58","question691","Conditional","yes","residual plot","rep5"
"692","person58","question692","Conditional","no","residual plot","rep5"
"693","person58","question693","Least-confounded","yes","QQ-plot","rep5"
"694","person58","question694","Least-confounded","no","residual plot","rep5"
"695","person58","question695","Least-confounded","yes","residual plot","rep5"
"696","person58","question696","Least-confounded","no","QQ-plot","rep5"
"697","person59","question697","Least-confounded","yes","QQ-plot","rep1"
"698","person59","question698","Conditional","yes","QQ-plot","rep1"
"699","person59","question699","Conditional","no","QQ-plot","rep1"
"700","person59","question700","Least-confounded","yes","residual plot","rep1"
"701","person59","question701","Least-confounded","no","QQ-plot","rep1"
"702","person59","question702","Conditional","no","residual plot","rep1"
"703","person59","question703","Conditional","yes","QQ-plot","rep1"
"704","person59","question704","Least-confounded","no","residual plot","rep1"
"705","person59","question705","Least-confounded","no","QQ-plot","rep1"
"706","person59","question706","Least-confounded","no","residual plot","rep1"
"707","person59","question707","Conditional","no","QQ-plot","rep1"
"708","person59","question708","Conditional","yes","residual plot","rep1"
"709","person60","question709","Conditional","no","residual plot","rep2"
"710","person60","question710","Least-confounded","yes","residual plot","rep2"
"711","person60","question711","Least-confounded","no","residual plot","rep2"
"712","person60","question712","Conditional","no","QQ-plot","rep2"
"713","person60","question713","Least-confounded","yes","QQ-plot","rep2"
"714","person60","question714","Least-confounded","no","QQ-plot","rep2"
"715","person60","question715","Least-confounded","yes","residual plot","rep2"
"716","person60","question716","Conditional","yes","residual plot","rep2"
"717","person60","question717","Conditional","yes","residual plot","rep2"
"718","person60","question718","Conditional","yes","QQ-plot","rep2"
"719","person60","question719","Conditional","no","residual plot","rep2"
"720","person60","question720","Least-confounded","yes","QQ-plot","rep2"
"721","person61","question721","Conditional","yes","residual plot","rep1"
"722","person61","question722","Least-confounded","yes","residual plot","rep1"
"723","person61","question723","Conditional","yes","QQ-plot","rep1"
"724","person61","question724","Least-confounded","no","QQ-plot","rep1"
"725","person61","question725","Conditional","no","QQ-plot","rep1"
"726","person61","question726","Conditional","yes","residual plot","rep1"
"727","person61","question727","Conditional","no","residual plot","rep1"
"728","person61","question728","Least-confounded","no","residual plot","rep1"
"729","person61","question729","Least-confounded","yes","QQ-plot","rep1"
"730","person61","question730","Least-confounded","yes","residual plot","rep1"
"731","person61","question731","Least-confounded","yes","QQ-plot","rep1"
"732","person61","question732","Conditional","no","residual plot","rep1"
"733","person62","question733","Conditional","yes","residual plot","rep3"
"734","person62","question734","Least-confounded","no","QQ-plot","rep3"
"735","person62","question735","Conditional","no","residual plot","rep3"
"736","person62","question736","Conditional","no","QQ-plot","rep3"
"737","person62","question737","Least-confounded","yes","residual plot","rep3"
"738","person62","question738","Least-confounded","yes","residual plot","rep3"
"739","person62","question739","Conditional","yes","residual plot","rep3"
"740","person62","question740","Conditional","no","residual plot","rep3"
"741","person62","question741","Least-confounded","yes","QQ-plot","rep3"
"742","person62","question742","Conditional","yes","QQ-plot","rep3"
"743","person62","question743","Least-confounded","no","residual plot","rep3"
"744","person62","question744","Least-confounded","yes","QQ-plot","rep3"
"745","person63","question745","Least-confounded","yes","residual plot","rep1"
"746","person63","question746","Conditional","no","residual plot","rep1"
"747","person63","question747","Least-confounded","yes","residual plot","rep1"
"748","person63","question748","Conditional","yes","residual plot","rep1"
"749","person63","question749","Conditional","no","residual plot","rep1"
"750","person63","question750","Conditional","yes","residual plot","rep1"
"751","person63","question751","Least-confounded","yes","QQ-plot","rep1"
"752","person63","question752","Least-confounded","no","QQ-plot","rep1"
"753","person63","question753","Conditional","yes","QQ-plot","rep1"
"754","person63","question754","Least-confounded","no","residual plot","rep1"
"755","person63","question755","Least-confounded","yes","QQ-plot","rep1"
"756","person63","question756","Conditional","no","QQ-plot","rep1"
"757","person64","question757","Conditional","yes","QQ-plot","rep3"
"758","person64","question758","Conditional","yes","residual plot","rep3"
"759","person64","question759","Conditional","no","QQ-plot","rep3"
"760","person64","question760","Least-confounded","no","residual plot","rep3"
"761","person64","question761","Least-confounded","no","QQ-plot","rep3"
"762","person64","question762","Conditional","no","residual plot","rep3"
"763","person64","question763","Conditional","no","QQ-plot","rep3"
"764","person64","question764","Least-confounded","no","residual plot","rep3"
"765","person64","question765","Conditional","yes","QQ-plot","rep3"
"766","person64","question766","Least-confounded","yes","QQ-plot","rep3"
"767","person64","question767","Least-confounded","yes","residual plot","rep3"
"768","person64","question768","Least-confounded","no","QQ-plot","rep3"
"769","person65","question769","Least-confounded","yes","residual plot","rep2"
"770","person65","question770","Least-confounded","no","residual plot","rep2"
"771","person65","question771","Conditional","yes","residual plot","rep2"
"772","person65","question772","Conditional","no","residual plot","rep2"
"773","person65","question773","Least-confounded","yes","residual plot","rep2"
"774","person65","question774","Least-confounded","yes","QQ-plot","rep2"
"775","person65","question775","Conditional","no","QQ-plot","rep2"
"776","person65","question776","Least-confounded","no","QQ-plot","rep2"
"777","person65","question777","Conditional","yes","QQ-plot","rep2"
"778","person65","question778","Least-confounded","yes","QQ-plot","rep2"
"779","person65","question779","Conditional","yes","residual plot","rep2"
"780","person65","question780","Conditional","no","residual plot","rep2"
"781","person66","question781","Least-confounded","yes","QQ-plot","rep2"
"782","person66","question782","Conditional","yes","residual plot","rep2"
"783","person66","question783","Conditional","no","QQ-plot","rep2"
"784","person66","question784","Least-confounded","yes","QQ-plot","rep2"
"785","person66","question785","Conditional","no","residual plot","rep2"
"786","person66","question786","Least-confounded","no","QQ-plot","rep2"
"787","person66","question787","Least-confounded","no","residual plot","rep2"
"788","person66","question788","Least-confounded","yes","residual plot","rep2"
"789","person66","question789","Least-confounded","yes","residual plot","rep2"
"790","person66","question790","Conditional","yes","residual plot","rep2"
"791","person66","question791","Conditional","no","residual plot","rep2"
"792","person66","question792","Conditional","yes","QQ-plot","rep2"
"793","person67","question793","Least-confounded","no","QQ-plot","rep1"
"794","person67","question794","Least-confounded","no","QQ-plot","rep1"
"795","person67","question795","Least-confounded","no","residual plot","rep1"
"796","person67","question796","Conditional","no","QQ-plot","rep1"
"797","person67","question797","Conditional","yes","QQ-plot","rep1"
"798","person67","question798","Conditional","yes","QQ-plot","rep1"
"799","person67","question799","Conditional","no","QQ-plot","rep1"
"800","person67","question800","Conditional","no","residual plot","rep1"
"801","person67","question801","Least-confounded","yes","QQ-plot","rep1"
"802","person67","question802","Least-confounded","no","residual plot","rep1"
"803","person67","question803","Conditional","yes","residual plot","rep1"
"804","person67","question804","Least-confounded","yes","residual plot","rep1"
"805","person68","question805","Conditional","yes","QQ-plot","rep2"
"806","person68","question806","Least-confounded","yes","QQ-plot","rep2"
"807","person68","question807","Conditional","no","QQ-plot","rep2"
"808","person68","question808","Least-confounded","no","residual plot","rep2"
"809","person68","question809","Conditional","yes","residual plot","rep2"
"810","person68","question810","Conditional","no","residual plot","rep2"
"811","person68","question811","Least-confounded","yes","QQ-plot","rep2"
"812","person68","question812","Least-confounded","yes","residual plot","rep2"
"813","person68","question813","Least-confounded","no","QQ-plot","rep2"
"814","person68","question814","Conditional","yes","residual plot","rep2"
"815","person68","question815","Least-confounded","yes","residual plot","rep2"
"816","person68","question816","Conditional","no","residual plot","rep2"
"817","person69","question817","Least-confounded","no","QQ-plot","rep4"
"818","person69","question818","Least-confounded","yes","residual plot","rep4"
"819","person69","question819","Conditional","yes","residual plot","rep4"
"820","person69","question820","Conditional","yes","residual plot","rep4"
"821","person69","question821","Conditional","yes","QQ-plot","rep4"
"822","person69","question822","Least-confounded","yes","residual plot","rep4"
"823","person69","question823","Conditional","no","QQ-plot","rep4"
"824","person69","question824","Conditional","no","residual plot","rep4"
"825","person69","question825","Least-confounded","yes","QQ-plot","rep4"
"826","person69","question826","Conditional","no","residual plot","rep4"
"827","person69","question827","Least-confounded","no","residual plot","rep4"
"828","person69","question828","Least-confounded","yes","QQ-plot","rep4"
"829","person70","question829","Conditional","yes","QQ-plot","rep5"
"830","person70","question830","Least-confounded","yes","QQ-plot","rep5"
"831","person70","question831","Conditional","yes","QQ-plot","rep5"
"832","person70","question832","Conditional","no","residual plot","rep5"
"833","person70","question833","Least-confounded","no","QQ-plot","rep5"
"834","person70","question834","Least-confounded","yes","residual plot","rep5"
"835","person70","question835","Least-confounded","no","QQ-plot","rep5"
"836","person70","question836","Conditional","no","QQ-plot","rep5"
"837","person70","question837","Least-confounded","no","residual plot","rep5"
"838","person70","question838","Least-confounded","no","residual plot","rep5"
"839","person70","question839","Conditional","yes","residual plot","rep5"
"840","person70","question840","Conditional","no","QQ-plot","rep5"
"841","person71","question841","Conditional","no","residual plot","rep3"
"842","person71","question842","Least-confounded","yes","residual plot","rep3"
"843","person71","question843","Least-confounded","yes","QQ-plot","rep3"
"844","person71","question844","Least-confounded","yes","QQ-plot","rep3"
"845","person71","question845","Conditional","no","residual plot","rep3"
"846","person71","question846","Least-confounded","no","residual plot","rep3"
"847","person71","question847","Least-confounded","yes","residual plot","rep3"
"848","person71","question848","Conditional","yes","residual plot","rep3"
"849","person71","question849","Conditional","yes","QQ-plot","rep3"
"850","person71","question850","Conditional","no","QQ-plot","rep3"
"851","person71","question851","Least-confounded","no","QQ-plot","rep3"
"852","person71","question852","Conditional","yes","residual plot","rep3"
"853","person72","question853","Least-confounded","no","residual plot","rep2"
"854","person72","question854","Least-confounded","yes","QQ-plot","rep2"
"855","person72","question855","Conditional","no","QQ-plot","rep2"
"856","person72","question856","Conditional","yes","QQ-plot","rep2"
"857","person72","question857","Least-confounded","no","QQ-plot","rep2"
"858","person72","question858","Conditional","yes","residual plot","rep2"
"859","person72","question859","Least-confounded","no","residual plot","rep2"
"860","person72","question860","Least-confounded","no","QQ-plot","rep2"
"861","person72","question861","Conditional","no","residual plot","rep2"
"862","person72","question862","Conditional","yes","QQ-plot","rep2"
"863","person72","question863","Least-confounded","yes","residual plot","rep2"
"864","person72","question864","Conditional","no","QQ-plot","rep2"
"865","person73","question865","Conditional","no","residual plot","rep2"
"866","person73","question866","Conditional","no","QQ-plot","rep2"
"867","person73","question867","Least-confounded","yes","QQ-plot","rep2"
"868","person73","question868","Least-confounded","no","residual plot","rep2"
"869","person73","question869","Conditional","no","residual plot","rep2"
"870","person73","question870","Least-confounded","no","QQ-plot","rep2"
"871","person73","question871","Conditional","yes","QQ-plot","rep2"
"872","person73","question872","Conditional","yes","residual plot","rep2"
"873","person73","question873","Conditional","yes","residual plot","rep2"
"874","person73","question874","Least-confounded","yes","residual plot","rep2"
"875","person73","question875","Least-confounded","yes","residual plot","rep2"
"876","person73","question876","Least-confounded","yes","QQ-plot","rep2"
"877","person74","question877","Least-confounded","yes","residual plot","rep4"
"878","person74","question878","Conditional","yes","QQ-plot","rep4"
"879","person74","question879","Least-confounded","no","QQ-plot","rep4"
"880","person74","question880","Conditional","no","residual plot","rep4"
"881","person74","question881","Conditional","no","QQ-plot","rep4"
"882","person74","question882","Least-confounded","no","residual plot","rep4"
"883","person74","question883","Conditional","yes","QQ-plot","rep4"
"884","person74","question884","Conditional","yes","residual plot","rep4"
"885","person74","question885","Least-confounded","yes","QQ-plot","rep4"
"886","person74","question886","Least-confounded","no","QQ-plot","rep4"
"887","person74","question887","Least-confounded","no","residual plot","rep4"
"888","person74","question888","Conditional","no","QQ-plot","rep4"
"889","person75","question889","Conditional","no","residual plot","rep3"
"890","person75","question890","Least-confounded","no","QQ-plot","rep3"
"891","person75","question891","Conditional","yes","residual plot","rep3"
"892","person75","question892","Least-confounded","yes","residual plot","rep3"
"893","person75","question893","Conditional","yes","QQ-plot","rep3"
"894","person75","question894","Least-confounded","yes","residual plot","rep3"
"895","person75","question895","Least-confounded","no","residual plot","rep3"
"896","person75","question896","Conditional","yes","residual plot","rep3"
"897","person75","question897","Least-confounded","yes","QQ-plot","rep3"
"898","person75","question898","Conditional","no","QQ-plot","rep3"
"899","person75","question899","Least-confounded","yes","QQ-plot","rep3"
"900","person75","question900","Conditional","no","residual plot","rep3"
"901","person76","question901","Conditional","yes","residual plot","rep4"
"902","person76","question902","Conditional","yes","QQ-plot","rep4"
"903","person76","question903","Least-confounded","no","residual plot","rep4"
"904","person76","question904","Least-confounded","yes","QQ-plot","rep4"
"905","person76","question905","Conditional","yes","QQ-plot","rep4"
"906","person76","question906","Conditional","no","residual plot","rep4"
"907","person76","question907","Least-confounded","yes","residual plot","rep4"
"908","person76","question908","Least-confounded","no","QQ-plot","rep4"
"909","person76","question909","Conditional","no","QQ-plot","rep4"
"910","person76","question910","Conditional","no","QQ-plot","rep4"
"911","person76","question911","Least-confounded","no","QQ-plot","rep4"
"912","person76","question912","Least-confounded","no","residual plot","rep4"
"913","person77","question913","Least-confounded","no","residual plot","rep2"
"914","person77","question914","Least-confounded","yes","residual plot","rep2"
"915","person77","question915","Least-confounded","no","QQ-plot","rep2"
"916","person77","question916","Conditional","no","QQ-plot","rep2"
"917","person77","question917","Conditional","yes","residual plot","rep2"
"918","person77","question918","Least-confounded","yes","QQ-plot","rep2"
"919","person77","question919","Conditional","yes","QQ-plot","rep2"
"920","person77","question920","Conditional","no","QQ-plot","rep2"
"921","person77","question921","Least-confounded","no","residual plot","rep2"
"922","person77","question922","Conditional","no","residual plot","rep2"
"923","person77","question923","Conditional","yes","QQ-plot","rep2"
"924","person77","question924","Least-confounded","no","QQ-plot","rep2"
"925","person78","question925","Least-confounded","no","QQ-plot","rep1"
"926","person78","question926","Least-confounded","yes","QQ-plot","rep1"
"927","person78","question927","Conditional","yes","residual plot","rep1"
"928","person78","question928","Least-confounded","yes","QQ-plot","rep1"
"929","person78","question929","Least-confounded","yes","residual plot","rep1"
"930","person78","question930","Conditional","no","QQ-plot","rep1"
"931","person78","question931","Conditional","no","residual plot","rep1"
"932","person78","question932","Conditional","no","residual plot","rep1"
"933","person78","question933","Conditional","yes","residual plot","rep1"
"934","person78","question934","Least-confounded","no","residual plot","rep1"
"935","person78","question935","Least-confounded","yes","residual plot","rep1"
"936","person78","question936","Conditional","yes","QQ-plot","rep1"
"937","person79","question937","Conditional","yes","QQ-plot","rep5"
"938","person79","question938","Least-confounded","yes","QQ-plot","rep5"
"939","person79","question939","Conditional","no","QQ-plot","rep5"
"940","person79","question940","Conditional","yes","QQ-plot","rep5"
"941","person79","question941","Least-confounded","yes","residual plot","rep5"
"942","person79","question942","Least-confounded","no","residual plot","rep5"
"943","person79","question943","Least-confounded","no","residual plot","rep5"
"944","person79","question944","Conditional","no","QQ-plot","rep5"
"945","person79","question945","Least-confounded","no","QQ-plot","rep5"
"946","person79","question946","Conditional","yes","residual plot","rep5"
"947","person79","question947","Least-confounded","no","QQ-plot","rep5"
"948","person79","question948","Conditional","no","residual plot","rep5"
"949","person80","question949","Least-confounded","yes","residual plot","rep4"
"950","person80","question950","Least-confounded","no","residual plot","rep4"
"951","person80","question951","Least-confounded","yes","QQ-plot","rep4"
"952","person80","question952","Conditional","yes","QQ-plot","rep4"
"953","person80","question953","Least-confounded","no","residual plot","rep4"
"954","person80","question954","Conditional","no","QQ-plot","rep4"
"955","person80","question955","Least-confounded","no","QQ-plot","rep4"
"956","person80","question956","Least-confounded","no","QQ-plot","rep4"
"957","person80","question957","Conditional","yes","residual plot","rep4"
"958","person80","question958","Conditional","no","residual plot","rep4"
"959","person80","question959","Conditional","yes","QQ-plot","rep4"
"960","person80","question960","Conditional","no","QQ-plot","rep4"
"961","person81","question961","Least-confounded","no","residual plot","rep4"
"962","person81","question962","Least-confounded","yes","QQ-plot","rep4"
"963","person81","question963","Conditional","no","residual plot","rep4"
"964","person81","question964","Conditional","no","QQ-plot","rep4"
"965","person81","question965","Least-confounded","yes","residual plot","rep4"
"966","person81","question966","Conditional","no","QQ-plot","rep4"
"967","person81","question967","Least-confounded","no","residual plot","rep4"
"968","person81","question968","Conditional","yes","QQ-plot","rep4"
"969","person81","question969","Conditional","yes","residual plot","rep4"
"970","person81","question970","Least-confounded","no","QQ-plot","rep4"
"971","person81","question971","Least-confounded","no","QQ-plot","rep4"
"972","person81","question972","Conditional","yes","QQ-plot","rep4"
"973","person82","question973","Least-confounded","no","residual plot","rep2"
"974","person82","question974","Conditional","no","QQ-plot","rep2"
"975","person82","question975","Least-confounded","no","residual plot","rep2"
"976","person82","question976","Least-confounded","yes","residual plot","rep2"
"977","person82","question977","Conditional","yes","QQ-plot","rep2"
"978","person82","question978","Conditional","yes","QQ-plot","rep2"
"979","person82","question979","Conditional","yes","residual plot","rep2"
"980","person82","question980","Conditional","no","residual plot","rep2"
"981","person82","question981","Least-confounded","no","QQ-plot","rep2"
"982","person82","question982","Least-confounded","no","QQ-plot","rep2"
"983","person82","question983","Conditional","no","QQ-plot","rep2"
"984","person82","question984","Least-confounded","yes","QQ-plot","rep2"
"985","person83","question985","Conditional","no","QQ-plot","rep4"
"986","person83","question986","Least-confounded","yes","residual plot","rep4"
"987","person83","question987","Conditional","yes","residual plot","rep4"
"988","person83","question988","Least-confounded","no","QQ-plot","rep4"
"989","person83","question989","Conditional","yes","residual plot","rep4"
"990","person83","question990","Conditional","yes","QQ-plot","rep4"
"991","person83","question991","Conditional","no","residual plot","rep4"
"992","person83","question992","Conditional","no","residual plot","rep4"
"993","person83","question993","Least-confounded","yes","residual plot","rep4"
"994","person83","question994","Least-confounded","yes","QQ-plot","rep4"
"995","person83","question995","Least-confounded","yes","QQ-plot","rep4"
"996","person83","question996","Least-confounded","no","residual plot","rep4"
"997","person84","question997","Conditional","no","QQ-plot","rep1"
"998","person84","question998","Least-confounded","yes","QQ-plot","rep1"
"999","person84","question999","Conditional","yes","QQ-plot","rep1"
"1000","person84","question1000","Least-confounded","no","QQ-plot","rep1"
"1001","person84","question1001","Least-confounded","no","QQ-plot","rep1"
"1002","person84","question1002","Least-confounded","yes","residual plot","rep1"
"1003","person84","question1003","Conditional","no","QQ-plot","rep1"
"1004","person84","question1004","Least-confounded","no","residual plot","rep1"
"1005","person84","question1005","Conditional","yes","QQ-plot","rep1"
"1006","person84","question1006","Conditional","yes","residual plot","rep1"
"1007","person84","question1007","Least-confounded","no","residual plot","rep1"
"1008","person84","question1008","Conditional","no","residual plot","rep1"
"1009","person85","question1009","Conditional","yes","QQ-plot","rep5"
"1010","person85","question1010","Least-confounded","yes","QQ-plot","rep5"
"1011","person85","question1011","Conditional","no","residual plot","rep5"
"1012","person85","question1012","Conditional","yes","residual plot","rep5"
"1013","person85","question1013","Conditional","yes","QQ-plot","rep5"
"1014","person85","question1014","Least-confounded","yes","residual plot","rep5"
"1015","person85","question1015","Least-confounded","no","residual plot","rep5"
"1016","person85","question1016","Conditional","no","QQ-plot","rep5"
"1017","person85","question1017","Conditional","no","QQ-plot","rep5"
"1018","person85","question1018","Least-confounded","no","residual plot","rep5"
"1019","person85","question1019","Least-confounded","no","QQ-plot","rep5"
"1020","person85","question1020","Least-confounded","no","QQ-plot","rep5"
"1021","person86","question1021","Least-confounded","yes","QQ-plot","rep3"
"1022","person86","question1022","Least-confounded","yes","residual plot","rep3"
"1023","person86","question1023","Conditional","no","residual plot","rep3"
"1024","person86","question1024","Least-confounded","yes","residual plot","rep3"
"1025","person86","question1025","Conditional","yes","residual plot","rep3"
"1026","person86","question1026","Conditional","no","QQ-plot","rep3"
"1027","person86","question1027","Least-confounded","no","residual plot","rep3"
"1028","person86","question1028","Conditional","no","residual plot","rep3"
"1029","person86","question1029","Conditional","yes","QQ-plot","rep3"
"1030","person86","question1030","Least-confounded","yes","QQ-plot","rep3"
"1031","person86","question1031","Least-confounded","no","QQ-plot","rep3"
"1032","person86","question1032","Conditional","yes","residual plot","rep3"
"1033","person87","question1033","Least-confounded","no","residual plot","rep5"
"1034","person87","question1034","Least-confounded","yes","QQ-plot","rep5"
"1035","person87","question1035","Conditional","no","QQ-plot","rep5"
"1036","person87","question1036","Conditional","yes","residual plot","rep5"
"1037","person87","question1037","Least-confounded","no","QQ-plot","rep5"
"1038","person87","question1038","Conditional","no","QQ-plot","rep5"
"1039","person87","question1039","Least-confounded","no","QQ-plot","rep5"
"1040","person87","question1040","Least-confounded","no","residual plot","rep5"
"1041","person87","question1041","Conditional","no","residual plot","rep5"
"1042","person87","question1042","Conditional","yes","QQ-plot","rep5"
"1043","person87","question1043","Least-confounded","yes","residual plot","rep5"
"1044","person87","question1044","Conditional","yes","QQ-plot","rep5"
"1045","person88","question1045","Conditional","yes","residual plot","rep4"
"1046","person88","question1046","Conditional","no","QQ-plot","rep4"
"1047","person88","question1047","Least-confounded","yes","residual plot","rep4"
"1048","person88","question1048","Conditional","yes","residual plot","rep4"
"1049","person88","question1049","Conditional","no","residual plot","rep4"
"1050","person88","question1050","Conditional","no","residual plot","rep4"
"1051","person88","question1051","Least-confounded","yes","QQ-plot","rep4"
"1052","person88","question1052","Least-confounded","yes","residual plot","rep4"
"1053","person88","question1053","Least-confounded","no","QQ-plot","rep4"
"1054","person88","question1054","Least-confounded","no","residual plot","rep4"
"1055","person88","question1055","Conditional","yes","QQ-plot","rep4"
"1056","person88","question1056","Least-confounded","yes","QQ-plot","rep4"
"1057","person89","question1057","Least-confounded","no","residual plot","rep3"
"1058","person89","question1058","Least-confounded","no","QQ-plot","rep3"
"1059","person89","question1059","Conditional","no","QQ-plot","rep3"
"1060","person89","question1060","Least-confounded","yes","QQ-plot","rep3"
"1061","person89","question1061","Conditional","yes","QQ-plot","rep3"
"1062","person89","question1062","Least-confounded","yes","residual plot","rep3"
"1063","person89","question1063","Conditional","no","QQ-plot","rep3"
"1064","person89","question1064","Least-confounded","no","QQ-plot","rep3"
"1065","person89","question1065","Conditional","yes","residual plot","rep3"
"1066","person89","question1066","Conditional","yes","QQ-plot","rep3"
"1067","person89","question1067","Least-confounded","no","residual plot","rep3"
"1068","person89","question1068","Conditional","no","residual plot","rep3"
"1069","person90","question1069","Conditional","no","residual plot","rep3"
"1070","person90","question1070","Least-confounded","no","QQ-plot","rep3"
"1071","person90","question1071","Conditional","yes","QQ-plot","rep3"
"1072","person90","question1072","Least-confounded","no","residual plot","rep3"
"1073","person90","question1073","Least-confounded","no","QQ-plot","rep3"
"1074","person90","question1074","Least-confounded","yes","QQ-plot","rep3"
"1075","person90","question1075","Least-confounded","yes","residual plot","rep3"
"1076","person90","question1076","Least-confounded","no","residual plot","rep3"
"1077","person90","question1077","Conditional","yes","QQ-plot","rep3"
"1078","person90","question1078","Conditional","no","QQ-plot","rep3"
"1079","person90","question1079","Conditional","yes","residual plot","rep3"
"1080","person90","question1080","Conditional","no","QQ-plot","rep3"
"1081","person91","question1081","Conditional","yes","QQ-plot","rep1"
"1082","person91","question1082","Conditional","yes","residual plot","rep1"
"1083","person91","question1083","Least-confounded","yes","QQ-plot","rep1"
"1084","person91","question1084","Conditional","yes","residual plot","rep1"
"1085","person91","question1085","Least-confounded","no","QQ-plot","rep1"
"1086","person91","question1086","Conditional","no","residual plot","rep1"
"1087","person91","question1087","Conditional","no","QQ-plot","rep1"
"1088","person91","question1088","Least-confounded","no","residual plot","rep1"
"1089","person91","question1089","Least-confounded","yes","residual plot","rep1"
"1090","person91","question1090","Least-confounded","yes","residual plot","rep1"
"1091","person91","question1091","Least-confounded","yes","QQ-plot","rep1"
"1092","person91","question1092","Conditional","no","residual plot","rep1"
"1093","person92","question1093","Least-confounded","no","QQ-plot","rep3"
"1094","person92","question1094","Conditional","yes","residual plot","rep3"
"1095","person92","question1095","Conditional","yes","QQ-plot","rep3"
"1096","person92","question1096","Conditional","no","residual plot","rep3"
"1097","person92","question1097","Least-confounded","yes","QQ-plot","rep3"
"1098","person92","question1098","Conditional","no","QQ-plot","rep3"
"1099","person92","question1099","Least-confounded","yes","QQ-plot","rep3"
"1100","person92","question1100","Conditional","no","residual plot","rep3"
"1101","person92","question1101","Least-confounded","yes","residual plot","rep3"
"1102","person92","question1102","Least-confounded","no","residual plot","rep3"
"1103","person92","question1103","Conditional","yes","residual plot","rep3"
"1104","person92","question1104","Least-confounded","yes","residual plot","rep3"
"1105","person93","question1105","Least-confounded","yes","residual plot","rep2"
"1106","person93","question1106","Least-confounded","yes","QQ-plot","rep2"
"1107","person93","question1107","Conditional","no","residual plot","rep2"
"1108","person93","question1108","Least-confounded","no","residual plot","rep2"
"1109","person93","question1109","Conditional","yes","residual plot","rep2"
"1110","person93","question1110","Conditional","yes","residual plot","rep2"
"1111","person93","question1111","Conditional","yes","QQ-plot","rep2"
"1112","person93","question1112","Least-confounded","yes","residual plot","rep2"
"1113","person93","question1113","Least-confounded","yes","QQ-plot","rep2"
"1114","person93","question1114","Conditional","no","residual plot","rep2"
"1115","person93","question1115","Least-confounded","no","QQ-plot","rep2"
"1116","person93","question1116","Conditional","no","QQ-plot","rep2"
"1117","person94","question1117","Conditional","no","residual plot","rep3"
"1118","person94","question1118","Least-confounded","yes","residual plot","rep3"
"1119","person94","question1119","Conditional","no","QQ-plot","rep3"
"1120","person94","question1120","Least-confounded","no","QQ-plot","rep3"
"1121","person94","question1121","Least-confounded","no","QQ-plot","rep3"
"1122","person94","question1122","Conditional","yes","QQ-plot","rep3"
"1123","person94","question1123","Least-confounded","no","residual plot","rep3"
"1124","person94","question1124","Least-confounded","yes","QQ-plot","rep3"
"1125","person94","question1125","Least-confounded","no","residual plot","rep3"
"1126","person94","question1126","Conditional","no","QQ-plot","rep3"
"1127","person94","question1127","Conditional","yes","residual plot","rep3"
"1128","person94","question1128","Conditional","yes","QQ-plot","rep3"
"1129","person95","question1129","Conditional","no","QQ-plot","rep2"
"1130","person95","question1130","Conditional","yes","QQ-plot","rep2"
"1131","person95","question1131","Least-confounded","yes","residual plot","rep2"
"1132","person95","question1132","Least-confounded","no","residual plot","rep2"
"1133","person95","question1133","Least-confounded","no","QQ-plot","rep2"
"1134","person95","question1134","Conditional","yes","QQ-plot","rep2"
"1135","person95","question1135","Conditional","yes","residual plot","rep2"
"1136","person95","question1136","Least-confounded","no","residual plot","rep2"
"1137","person95","question1137","Least-confounded","yes","QQ-plot","rep2"
"1138","person95","question1138","Conditional","no","residual plot","rep2"
"1139","person95","question1139","Conditional","no","QQ-plot","rep2"
"1140","person95","question1140","Least-confounded","no","QQ-plot","rep2"
"1141","person96","question1141","Least-confounded","yes","residual plot","rep5"
"1142","person96","question1142","Least-confounded","no","residual plot","rep5"
"1143","person96","question1143","Conditional","no","QQ-plot","rep5"
"1144","person96","question1144","Least-confounded","yes","QQ-plot","rep5"
"1145","person96","question1145","Conditional","no","residual plot","rep5"
"1146","person96","question1146","Conditional","yes","residual plot","rep5"
"1147","person96","question1147","Conditional","yes","residual plot","rep5"
"1148","person96","question1148","Conditional","no","residual plot","rep5"
"1149","person96","question1149","Least-confounded","no","QQ-plot","rep5"
"1150","person96","question1150","Conditional","yes","QQ-plot","rep5"
"1151","person96","question1151","Least-confounded","yes","residual plot","rep5"
"1152","person96","question1152","Least-confounded","yes","QQ-plot","rep5"
"1153","person97","question1153","Conditional","yes","QQ-plot","rep2"
"1154","person97","question1154","Conditional","yes","residual plot","rep2"
"1155","person97","question1155","Least-confounded","yes","residual plot","rep2"
"1156","person97","question1156","Least-confounded","yes","QQ-plot","rep2"
"1157","person97","question1157","Least-confounded","yes","QQ-plot","rep2"
"1158","person97","question1158","Conditional","no","residual plot","rep2"
"1159","person97","question1159","Least-confounded","yes","residual plot","rep2"
"1160","person97","question1160","Conditional","no","QQ-plot","rep2"
"1161","person97","question1161","Conditional","no","residual plot","rep2"
"1162","person97","question1162","Conditional","yes","residual plot","rep2"
"1163","person97","question1163","Least-confounded","no","residual plot","rep2"
"1164","person97","question1164","Least-confounded","no","QQ-plot","rep2"
"1165","person98","question1165","Least-confounded","no","QQ-plot","rep3"
"1166","person98","question1166","Conditional","yes","residual plot","rep3"
"1167","person98","question1167","Conditional","yes","QQ-plot","rep3"
"1168","person98","question1168","Least-confounded","yes","residual plot","rep3"
"1169","person98","question1169","Conditional","yes","residual plot","rep3"
"1170","person98","question1170","Least-confounded","yes","residual plot","rep3"
"1171","person98","question1171","Least-confounded","no","residual plot","rep3"
"1172","person98","question1172","Least-confounded","yes","QQ-plot","rep3"
"1173","person98","question1173","Least-confounded","yes","QQ-plot","rep3"
"1174","person98","question1174","Conditional","no","residual plot","rep3"
"1175","person98","question1175","Conditional","no","QQ-plot","rep3"
"1176","person98","question1176","Conditional","no","residual plot","rep3"
"1177","person99","question1177","Least-confounded","yes","residual plot","rep2"
"1178","person99","question1178","Conditional","yes","residual plot","rep2"
"1179","person99","question1179","Conditional","yes","QQ-plot","rep2"
"1180","person99","question1180","Least-confounded","no","residual plot","rep2"
"1181","person99","question1181","Conditional","no","QQ-plot","rep2"
"1182","person99","question1182","Conditional","yes","QQ-plot","rep2"
"1183","person99","question1183","Least-confounded","no","residual plot","rep2"
"1184","person99","question1184","Least-confounded","yes","QQ-plot","rep2"
"1185","person99","question1185","Conditional","no","QQ-plot","rep2"
"1186","person99","question1186","Least-confounded","no","QQ-plot","rep2"
"1187","person99","question1187","Conditional","no","residual plot","rep2"
"1188","person99","question1188","Least-confounded","no","QQ-plot","rep2"
"1189","person100","question1189","Least-confounded","no","residual plot","rep1"
"1190","person100","question1190","Conditional","no","residual plot","rep1"
"1191","person100","question1191","Conditional","yes","QQ-plot","rep1"
"1192","person100","question1192","Conditional","yes","residual plot","rep1"
"1193","person100","question1193","Least-confounded","no","QQ-plot","rep1"
"1194","person100","question1194","Least-confounded","yes","residual plot","rep1"
"1195","person100","question1195","Conditional","no","QQ-plot","rep1"
"1196","person100","question1196","Least-confounded","no","residual plot","rep1"
"1197","person100","question1197","Conditional","yes","QQ-plot","rep1"
"1198","person100","question1198","Conditional","no","QQ-plot","rep1"
"1199","person100","question1199","Least-confounded","no","QQ-plot","rep1"
"1200","person100","question1200","Least-confounded","yes","QQ-plot","rep1"
